"uniqueGroup","rowType","uniqueIndex","matchIndex","nUniqueGroup","alleleMismatch","matchThreshold","cutHeight","Psib","score","metaData","gender","LOC1a","LOC1b","LOC2a","LOC2b","LOC3a","LOC3b","LOC4a","LOC4b","LOC5a","LOC5b","LOC6a","LOC6b","LOC7a","LOC7b","LOC8a","LOC8b","LOC9a","LOC9b","LOC10a","LOC10b"
"","UNCLASSIFIED","1244.ON.CA","","","3","0.857142857142857","0.142857142857143","","","SiouxLookout-Jan-2006","-99","-99","-99","224","224","159","159","185","193","299","299","223","223","192","192","112","118","296","296","172","174"
"","UNCLASSIFIED","1255.ON.CA","","","3","0.857142857142857","0.142857142857143","","","SiouxLookout-Jan-2006","-99","-99","-99","224","232","159","171","193","199","-99","-99","223","227","192","192","106","112","296","296","166","172"
"","UNCLASSIFIED","1331.ON.CA","","","3","0.857142857142857","0.142857142857143","","","SiouxLookout-Jan-2007","-99","382","382","224","232","159","165","193","199","299","299","223","223","192","210","-99","-99","288","296","174","174"
"1","CHECK_UNIQUE","1001.ON.CA","1001.ON.CA","2","3","0.857142857142857","0.142857142857143","0.000506554741747549","","SiouxLookout-Jan-2004","F","382","384","230","236","-99","-99","185","185","301","301","223","223","192","192","118","118","296","304","166","166"
"1","MULTIPLE_MATCH","1001.ON.CA","1028.ON.CA","2","3","0.857142857142857","0.142857142857143","0.000506554741747549","0.95","SiouxLookout-Jan-2004","F","382","384","230","236","161","167","185","185","301","301","223","223","192","192","118","118","296","304","166","166"
"2","UNIQUE","1002.ON.CA","1002.ON.CA","2","3","0.857142857142857","0.142857142857143","0.00104574706965003","","SiouxLookout-Jan-2004","F","382","384","230","236","-99","-99","181","193","299","299","223","223","202","202","118","118","288","296","166","166"
"2","MATCH","1002.ON.CA","1061.ON.CA","2","3","0.857142857142857","0.142857142857143","0.00104574706965003","0.95","SiouxLookout-Jan-2005","F","382","384","230","236","147","159","181","193","299","299","223","223","202","202","118","118","288","296","166","166"
"3","UNIQUE","1003.ON.CA","1003.ON.CA","2","3","0.857142857142857","0.142857142857143","0.000255592341530699","","SiouxLookout-Jan-2004","M","382","382","224","242","-99","-99","185","191","285","299","223","223","192","202","102","118","298","304","166","172"
"3","MATCH","1003.ON.CA","1005.ON.CA","2","3","0.857142857142857","0.142857142857143","0.000255592341530699","1","SiouxLookout-Jan-2004","M","382","382","224","242","-99","-99","185","191","285","299","223","223","192","202","102","118","298","304","166","172"
"4","UNIQUE","1004.ON.CA","1004.ON.CA","1","3","0.857142857142857","0.142857142857143","0.000224028430756939","","SiouxLookout-Jan-2004","M","382","384","232","236","-99","-99","193","193","299","301","223","223","192","216","102","108","296","304","168","174"
"5","UNIQUE","1006.ON.CA","1006.ON.CA","2","3","0.857142857142857","0.142857142857143","0.000429951529930821","","SiouxLookout-Jan-2004","F","382","384","224","230","-99","-99","181","193","285","285","223","223","198","202","114","116","288","296","166","166"
"5","MATCH","1006.ON.CA","1007.ON.CA","2","3","0.857142857142857","0.142857142857143","0.000429951529930821","1","SiouxLookout-Jan-2004","F","382","384","224","230","-99","-99","181","193","285","285","223","223","198","202","114","116","288","296","166","166"
"6","UNIQUE","1008.ON.CA","1008.ON.CA","2","3","0.857142857142857","0.142857142857143","0.000949494960537646","","SiouxLookout-Jan-2004","M","382","382","224","230","-99","-99","185","193","285","285","223","223","192","202","118","118","296","304","166","166"
"6","MATCH","1008.ON.CA","1009.ON.CA","2","3","0.857142857142857","0.142857142857143","0.000949494960537646","1","SiouxLookout-Jan-2004","M","382","382","224","230","-99","-99","185","193","285","285","223","223","192","202","118","118","296","304","166","166"
"7","UNIQUE","1010.ON.CA","1010.ON.CA","2","3","0.857142857142857","0.142857142857143","0.00117659847090829","","SiouxLookout-Jan-2004","-99","382","384","230","244","-99","-99","191","193","299","299","227","227","202","204","118","118","296","296","166","166"
"7","MATCH","1010.ON.CA","1185.ON.CA","2","3","0.857142857142857","0.142857142857143","","0.9","SiouxLookout-Jan-2006","-99","382","384","230","244","159","167","191","193","299","299","227","227","204","204","118","118","296","296","166","166"
"8","UNIQUE","1011.ON.CA","1011.ON.CA","4","3","0.857142857142857","0.142857142857143","0.00132341082374555","","SiouxLookout-Jan-2004","F","382","384","224","224","-99","-99","193","193","299","299","223","223","210","214","106","112","288","296","166","172"
"8","MATCH","1011.ON.CA","1012.ON.CA","4","3","0.857142857142857","0.142857142857143","0.00132341082374555","1","SiouxLookout-Jan-2004","F","382","384","224","224","-99","-99","193","193","299","299","223","223","210","214","106","112","288","296","166","172"
"8","MATCH","1011.ON.CA","1192.ON.CA","4","3","0.857142857142857","0.142857142857143","","0.88","SiouxLookout-Jan-2006","-99","382","384","224","224","161","169","193","193","299","299","223","227","210","214","106","112","288","296","166","172"
"8","MATCH","1011.ON.CA","1275.ON.CA","4","3","0.857142857142857","0.142857142857143","0.00622169907630223","0.88","SiouxLookout-Jan-2006","-99","382","384","224","224","161","169","193","193","299","299","223","223","-99","-99","106","112","288","296","166","172"
"9","UNIQUE","1013.ON.CA","1013.ON.CA","1","3","0.857142857142857","0.142857142857143","0.000707583046773301","","SiouxLookout-Jan-2004","M","382","384","232","232","-99","-99","193","193","299","299","213","221","210","210","118","118","296","306","166","172"
"10","UNIQUE","1014.ON.CA","1014.ON.CA","3","3","0.857142857142857","0.142857142857143","0.000116723653101751","","SiouxLookout-Jan-2004","F","384","384","232","238","-99","-99","193","199","299","301","213","213","210","210","102","108","296","296","174","174"
"10","MATCH","1014.ON.CA","1237.ON.CA","3","3","0.857142857142857","0.142857142857143","","0.88","SiouxLookout-Jan-2006","-99","384","384","232","238","159","159","193","199","299","301","213","227","210","210","102","108","296","296","174","174"
"10","MATCH","1014.ON.CA","1242.ON.CA","3","3","0.857142857142857","0.142857142857143","","0.88","SiouxLookout-Jan-2006","-99","384","384","232","238","159","159","193","199","299","301","213","227","210","210","102","108","296","296","174","174"
"11","UNIQUE","1015.ON.CA","1015.ON.CA","1","3","0.857142857142857","0.142857142857143","0.00155098411709362","","SiouxLookout-Jan-2004","F","382","382","224","232","-99","-99","193","193","299","299","223","223","210","216","106","106","296","306","166","166"
"12","UNIQUE","1016.ON.CA","1016.ON.CA","1","3","0.857142857142857","0.142857142857143","0.000733095709555233","","SiouxLookout-Jan-2004","M","382","384","224","232","-99","-99","193","193","-99","-99","213","221","210","210","106","112","288","288","166","166"
"13","UNIQUE","1017.ON.CA","1017.ON.CA","1","3","0.857142857142857","0.142857142857143","0.000286765670259288","","SiouxLookout-Jan-2004","F","382","388","230","230","-99","-99","181","185","285","299","223","223","202","202","106","118","304","304","166","166"
"14","CHECK_UNIQUE","1018.ON.CA","1018.ON.CA","3","3","0.857142857142857","0.142857142857143","0.000697160215918437","","SiouxLookout-Jan-2004","F","384","384","224","230","-99","-99","185","199","285","299","223","223","198","204","116","118","296","296","166","166"
"14","MULTIPLE_MATCH","1018.ON.CA","1179.ON.CA","3","3","0.857142857142857","0.142857142857143","0.00111615321532298","0.93","SiouxLookout-Jan-2006","-99","384","384","224","230","167","167","185","199","285","299","223","223","198","204","116","118","296","296","166","166"
"14","MULTIPLE_MATCH","1018.ON.CA","1295.ON.CA","3","3","0.857142857142857","0.142857142857143","0.00111615321532298","0.93","SiouxLookout-Jan-2006","-99","384","384","224","230","167","167","185","199","285","299","223","223","198","204","116","118","296","296","166","166"
"15","CHECK_UNIQUE","1019.ON.CA","1019.ON.CA","4","3","0.857142857142857","0.142857142857143","0.000619811208373515","","SiouxLookout-Jan-2004","F","382","384","224","230","159","159","193","193","299","299","223","223","202","202","106","118","298","298","166","166"
"15","MATCH","1019.ON.CA","1022.ON.CA","4","3","0.857142857142857","0.142857142857143","0.000619811208373515","1","SiouxLookout-Jan-2004","F","382","384","224","230","159","159","193","193","299","299","223","223","202","202","106","118","298","298","166","166"
"15","MATCH","1019.ON.CA","1021.ON.CA","4","3","0.857142857142857","0.142857142857143","0.000992317486458888","0.98","SiouxLookout-Jan-2004","-99","382","384","224","230","159","159","193","193","299","299","223","223","202","202","106","118","298","298","166","166"
"15","MULTIPLE_MATCH","1019.ON.CA","1222.ON.CA","4","3","0.857142857142857","0.142857142857143","","0.88","SiouxLookout-Jan-2006","-99","382","384","224","230","159","159","193","193","299","299","223","223","198","202","106","118","296","298","166","166"
"16","UNIQUE","1020.ON.CA","1020.ON.CA","1","3","0.857142857142857","0.142857142857143","0.000326773153878787","","SiouxLookout-Jan-2004","F","382","384","224","230","155","167","185","193","299","299","223","223","202","204","106","106","296","304","166","166"
"17","UNIQUE","1023.ON.CA","1023.ON.CA","1","3","0.857142857142857","0.142857142857143","0.000295363678824482","","SiouxLookout-Jan-2004","F","384","384","224","230","155","161","193","199","285","299","223","227","198","204","118","118","296","296","166","166"
"18","UNIQUE","1024.ON.CA","1024.ON.CA","1","3","0.857142857142857","0.142857142857143","0.000272823752886487","","SiouxLookout-Jan-2004","M","384","384","230","230","157","167","185","193","299","299","223","223","212","214","118","118","296","296","166","166"
"19","UNIQUE","1025.ON.CA","1025.ON.CA","4","3","0.857142857142857","0.142857142857143","0.000235031573760528","","SiouxLookout-Jan-2004","M","384","384","230","230","159","167","193","199","299","299","223","227","204","214","118","118","296","298","166","166"
"19","MATCH","1025.ON.CA","1045.ON.CA","4","3","0.857142857142857","0.142857142857143","0.000235031573760528","1","SiouxLookout-Feb-2004","M","384","384","230","230","159","167","193","199","299","299","223","227","204","214","118","118","296","298","166","166"
"19","MATCH","1025.ON.CA","1064.ON.CA","4","3","0.857142857142857","0.142857142857143","0.000235031573760528","1","SiouxLookout-Jan-2005","M","384","384","230","230","159","167","193","199","299","299","223","227","204","214","118","118","296","298","166","166"
"19","MATCH","1025.ON.CA","1066.ON.CA","4","3","0.857142857142857","0.142857142857143","0.000235031573760528","1","SiouxLookout-Jan-2005","M","384","384","230","230","159","167","193","199","299","299","223","227","204","214","118","118","296","298","166","166"
"20","UNIQUE","1026.ON.CA","1026.ON.CA","1","3","0.857142857142857","0.142857142857143","0.0043399322716576","","SiouxLookout-Jan-2004","-99","-99","-99","230","230","167","167","193","199","299","299","223","223","-99","-99","118","118","296","296","166","166"
"21","UNIQUE","1027.ON.CA","1027.ON.CA","1","3","0.857142857142857","0.142857142857143","7.73719306413443e-05","","SiouxLookout-Jan-2004","M","382","382","230","230","167","167","185","185","299","301","223","227","192","204","106","116","304","304","166","166"
"22","UNIQUE","1029.ON.CA","1029.ON.CA","1","3","0.857142857142857","0.142857142857143","0.00111914885303569","","SiouxLookout-Jan-2004","-99","384","384","230","230","159","159","191","193","299","299","-99","-99","198","202","118","118","296","298","166","166"
"23","UNIQUE","1030.ON.CA","1030.ON.CA","2","3","0.857142857142857","0.142857142857143","9.22577887350201e-05","","SiouxLookout-Jan-2004","F","382","384","230","236","147","167","185","185","299","301","223","223","202","212","116","118","288","288","166","166"
"23","MATCH","1030.ON.CA","1272.ON.CA","2","3","0.857142857142857","0.142857142857143","0.00174762893179163","0.88","SiouxLookout-Jan-2006","-99","382","384","230","236","-99","-99","185","185","299","301","223","223","-99","-99","116","118","288","288","166","166"
"24","UNIQUE","1031.ON.CA","1031.ON.CA","1","3","0.857142857142857","0.142857142857143","0.000374082585146214","","SiouxLookout-Jan-2004","F","382","384","224","236","155","167","193","193","285","301","223","223","198","202","118","118","296","296","166","166"
"25","UNIQUE","1032.ON.CA","1032.ON.CA","6","3","0.857142857142857","0.142857142857143","0.000159654016658024","","SiouxLookout-Jan-2004","F","382","384","230","236","161","167","185","199","299","299","223","227","204","214","106","118","296","304","166","166"
"25","MATCH","1032.ON.CA","1229.ON.CA","6","3","0.857142857142857","0.142857142857143","0.000255606014174696","0.98","SiouxLookout-Jan-2006","-99","382","384","230","236","161","167","185","199","299","299","223","227","204","214","106","118","296","304","166","166"
"25","MATCH","1032.ON.CA","1231.ON.CA","6","3","0.857142857142857","0.142857142857143","0.000255606014174696","0.98","SiouxLookout-Jan-2006","-99","382","384","230","236","161","167","185","199","299","299","223","227","204","214","106","118","296","304","166","166"
"25","MATCH","1032.ON.CA","1232.ON.CA","6","3","0.857142857142857","0.142857142857143","0.000480259243175114","0.93","SiouxLookout-Jan-2006","-99","382","384","230","236","161","167","185","199","299","299","-99","-99","204","214","106","118","296","304","166","166"
"25","MATCH","1032.ON.CA","1296.ON.CA","6","3","0.857142857142857","0.142857142857143","","0.93","SiouxLookout-Jan-2006","-99","382","384","230","236","161","167","185","199","299","299","223","223","204","214","106","118","296","304","166","166"
"25","MATCH","1032.ON.CA","1145.ON.CA","6","3","0.857142857142857","0.142857142857143","0.00186182176666257","0.88","SiouxLookout-Feb-2005","-99","382","384","230","236","-99","-99","185","199","299","299","223","227","204","214","106","118","-99","-99","166","166"
"26","UNIQUE","1033.ON.CA","1033.ON.CA","5","3","0.857142857142857","0.142857142857143","0.000512481938127661","","SiouxLookout-Jan-2004","M","382","384","-99","-99","155","167","185","199","299","299","223","227","192","214","106","118","288","296","166","166"
"26","MATCH","1033.ON.CA","1219.ON.CA","5","3","0.857142857142857","0.142857142857143","0.0010175519473981","0.98","SiouxLookout-Jan-2006","-99","382","384","-99","-99","155","167","185","199","299","299","223","227","192","214","106","118","288","296","166","166"
"26","MATCH","1033.ON.CA","1117.ON.CA","5","3","0.857142857142857","0.142857142857143","0.00291363233078591","0.93","SiouxLookout-Feb-2005","-99","382","384","-99","-99","155","167","185","199","299","299","223","227","-99","-99","106","118","288","296","166","166"
"26","MATCH","1033.ON.CA","1137.ON.CA","5","3","0.857142857142857","0.142857142857143","","0.93","SiouxLookout-Feb-2005","-99","382","384","-99","-99","155","167","185","199","299","299","223","223","192","214","106","118","288","296","166","166"
"26","MATCH","1033.ON.CA","1218.ON.CA","5","3","0.857142857142857","0.142857142857143","0.0010175519473981","0.93","SiouxLookout-Jan-2006","-99","382","384","228","230","155","167","185","199","299","299","223","227","192","214","106","118","288","296","166","166"
"27","UNIQUE","1034.ON.CA","1034.ON.CA","4","3","0.857142857142857","0.142857142857143","0.000463929531437595","","SiouxLookout-Feb-2004","F","382","382","230","230","159","159","185","193","299","299","223","227","192","192","112","118","288","298","166","166"
"27","MATCH","1034.ON.CA","1040.ON.CA","4","3","0.857142857142857","0.142857142857143","0.000463929531437595","1","SiouxLookout-Feb-2004","F","382","382","230","230","159","159","185","193","299","299","223","227","192","192","112","118","288","298","166","166"
"27","MATCH","1034.ON.CA","1223.ON.CA","4","3","0.857142857142857","0.142857142857143","0.00211678449172202","0.93","SiouxLookout-Jan-2006","-99","382","382","-99","-99","159","159","185","193","299","299","223","227","192","192","112","118","288","298","166","166"
"27","MATCH","1034.ON.CA","1036.ON.CA","4","3","0.857142857142857","0.142857142857143","","0.9","SiouxLookout-Feb-2004","F","-99","-99","230","230","159","159","185","193","299","299","223","223","192","192","112","118","288","298","166","166"
"28","UNIQUE","1035.ON.CA","1035.ON.CA","4","3","0.857142857142857","0.142857142857143","0.000479370517122333","","SiouxLookout-Feb-2004","F","382","384","230","236","-99","-99","185","185","299","299","223","227","202","212","118","118","288","288","166","166"
"28","MATCH","1035.ON.CA","1041.ON.CA","4","3","0.857142857142857","0.142857142857143","0.000479370517122333","0.95","SiouxLookout-Feb-2004","F","382","384","230","236","163","167","185","185","299","299","223","227","202","212","118","118","288","288","166","166"
"28","MATCH","1035.ON.CA","1299.ON.CA","4","3","0.857142857142857","0.142857142857143","0.00076747199825833","0.93","SiouxLookout-Jan-2006","-99","382","384","230","236","163","167","185","185","299","299","223","227","202","212","118","118","288","288","166","166"
"28","MATCH","1035.ON.CA","1189.ON.CA","4","3","0.857142857142857","0.142857142857143","","0.88","SiouxLookout-Jan-2006","-99","382","384","230","236","167","167","185","185","297","299","223","227","202","212","118","118","288","288","166","166"
"29","CHECK_UNIQUE","1037.ON.CA","1037.ON.CA","2","3","0.857142857142857","0.142857142857143","0.00114458987601828","","SiouxLookout-Feb-2004","F","382","384","232","238","-99","-99","193","193","285","301","223","227","192","216","106","116","-99","-99","166","166"
"29","MULTIPLE_MATCH","1037.ON.CA","1039.ON.CA","2","3","0.857142857142857","0.142857142857143","0.00114458987601828","0.9","SiouxLookout-Feb-2004","F","382","384","232","238","159","159","193","193","285","301","223","227","192","216","106","116","296","296","166","166"
"30","UNIQUE","1038.ON.CA","1038.ON.CA","1","3","0.857142857142857","0.142857142857143","0.000209174975919005","","SiouxLookout-Feb-2004","M","384","384","224","232","159","161","193","193","299","301","227","227","210","216","106","118","296","296","166","174"
"31","UNIQUE","1042.ON.CA","1042.ON.CA","1","3","0.857142857142857","0.142857142857143","0.000289922685593589","","SiouxLookout-Feb-2004","F","384","384","232","232","-99","-99","193","193","299","301","213","227","202","216","108","116","296","296","166","174"
"32","UNIQUE","1043.ON.CA","1043.ON.CA","4","3","0.857142857142857","0.142857142857143","5.1778749273233e-05","","SiouxLookout-Feb-2004","M","384","384","236","240","147","155","185","185","285","299","223","223","192","214","106","112","288","288","166","166"
"32","MATCH","1043.ON.CA","1044.ON.CA","4","3","0.857142857142857","0.142857142857143","5.1778749273233e-05","1","SiouxLookout-Feb-2004","M","384","384","236","240","147","155","185","185","285","299","223","223","192","214","106","112","288","288","166","166"
"32","MATCH","1043.ON.CA","1067.ON.CA","4","3","0.857142857142857","0.142857142857143","5.1778749273233e-05","1","SiouxLookout-Jan-2005","M","384","384","236","240","147","155","185","185","285","299","223","223","192","214","106","112","288","288","166","166"
"32","MATCH","1043.ON.CA","1068.ON.CA","4","3","0.857142857142857","0.142857142857143","5.1778749273233e-05","1","SiouxLookout-Jan-2005","M","384","384","236","240","147","155","185","185","285","299","223","223","192","214","106","112","288","288","166","166"
"33","UNIQUE","1046.ON.CA","1046.ON.CA","5","3","0.857142857142857","0.142857142857143","0.000175846693706483","","SiouxLookout-Feb-2004","M","382","384","222","224","155","159","193","199","299","299","223","227","198","210","106","116","288","304","166","172"
"33","MATCH","1046.ON.CA","1216.ON.CA","5","3","0.857142857142857","0.142857142857143","0.000349150150107293","0.98","SiouxLookout-Jan-2006","-99","382","384","222","224","155","159","193","199","299","299","223","227","198","210","106","116","288","304","166","172"
"33","MATCH","1046.ON.CA","1141.ON.CA","5","3","0.857142857142857","0.142857142857143","0.000656019723895863","0.93","SiouxLookout-Feb-2005","-99","382","384","222","224","155","159","193","199","299","299","-99","-99","198","210","106","116","288","304","166","172"
"33","MATCH","1046.ON.CA","1217.ON.CA","5","3","0.857142857142857","0.142857142857143","0.000982317002667427","0.93","SiouxLookout-Jan-2006","-99","382","384","-99","-99","155","159","193","199","299","299","223","227","198","210","106","116","288","304","166","172"
"33","MATCH","1046.ON.CA","1215.ON.CA","5","3","0.857142857142857","0.142857142857143","0.00288329993220125","0.88","SiouxLookout-Jan-2006","-99","382","384","-99","-99","155","159","193","199","299","299","223","227","198","210","106","116","-99","-99","166","172"
"34","UNIQUE","1047.ON.CA","1047.ON.CA","1","3","0.857142857142857","0.142857142857143","7.23885608959561e-05","","SiouxLookout-Feb-2004","F","382","382","222","232","155","159","185","199","285","285","227","227","210","210","116","118","288","296","172","174"
"35","UNIQUE","1048.ON.CA","1048.ON.CA","1","3","0.857142857142857","0.142857142857143","0.000138292457917664","","SiouxLookout-Feb-2004","M","382","382","224","232","159","163","193","193","285","299","221","221","198","210","108","118","296","306","172","172"
"36","UNIQUE","1049.ON.CA","1049.ON.CA","7","3","0.857142857142857","0.142857142857143","0.000180870116324774","","SiouxLookout-Feb-2004","M","382","382","224","232","155","163","193","193","299","299","221","227","198","210","106","116","304","306","166","166"
"36","MATCH","1049.ON.CA","1082.ON.CA","7","3","0.857142857142857","0.142857142857143","0.000180870116324774","1","SiouxLookout-Jan-2005","M","382","382","224","232","155","163","193","193","299","299","221","227","198","210","106","116","304","306","166","166"
"36","MATCH","1049.ON.CA","1105.ON.CA","7","3","0.857142857142857","0.142857142857143","0.000359124342537413","0.98","SiouxLookout-Feb-2005","-99","382","382","224","232","155","163","193","193","299","299","221","227","198","210","106","116","304","306","166","166"
"36","MATCH","1049.ON.CA","1050.ON.CA","7","3","0.857142857142857","0.142857142857143","","0.95","SiouxLookout-Feb-2004","M","382","382","224","232","155","163","193","193","299","299","221","221","198","210","106","116","304","306","166","166"
"36","MATCH","1049.ON.CA","1106.ON.CA","7","3","0.857142857142857","0.142857142857143","0.000530314042753532","0.93","SiouxLookout-Feb-2005","-99","382","382","224","232","155","163","193","193","-99","-99","221","227","198","210","106","116","304","306","166","166"
"36","MATCH","1049.ON.CA","1114.ON.CA","7","3","0.857142857142857","0.142857142857143","0.00100148369605259","0.93","SiouxLookout-Feb-2005","-99","382","382","224","232","155","163","193","193","299","299","-99","-99","198","210","106","116","304","306","166","166"
"36","MATCH","1049.ON.CA","1116.ON.CA","7","3","0.857142857142857","0.142857142857143","","0.93","SiouxLookout-Feb-2005","-99","382","382","224","232","155","163","193","193","299","299","221","221","198","210","106","116","304","306","166","166"
"37","UNIQUE","1051.ON.CA","1051.ON.CA","1","3","0.857142857142857","0.142857142857143","0.000324866478940021","","SiouxLookout-Feb-2004","F","382","384","230","236","161","161","185","193","299","299","223","223","192","204","106","118","296","296","166","172"
"38","UNIQUE","1052.ON.CA","1052.ON.CA","1","3","0.857142857142857","0.142857142857143","3.45064903474384e-05","","SiouxLookout-Feb-2004","F","382","382","224","224","153","153","185","193","297","305","213","223","198","214","116","116","304","306","166","168"
"39","UNIQUE","1053.ON.CA","1053.ON.CA","1","3","0.857142857142857","0.142857142857143","0.00064686685356395","","SiouxLookout-Feb-2004","M","-99","-99","230","236","159","167","193","199","299","299","223","223","192","214","106","106","296","296","166","166"
"40","UNIQUE","1054.ON.CA","1054.ON.CA","3","3","0.857142857142857","0.142857142857143","0.000176712909450604","","SiouxLookout-Feb-2004","F","384","384","230","242","159","159","185","193","299","299","223","223","202","214","118","118","298","298","164","166"
"40","MATCH","1054.ON.CA","1055.ON.CA","3","3","0.857142857142857","0.142857142857143","0.000176712909450604","1","SiouxLookout-Feb-2004","F","384","384","230","242","159","159","185","193","299","299","223","223","202","214","118","118","298","298","164","166"
"40","MATCH","1054.ON.CA","1056.ON.CA","3","3","0.857142857142857","0.142857142857143","0.000176712909450604","1","SiouxLookout-Feb-2004","F","384","384","230","242","159","159","185","193","299","299","223","223","202","214","118","118","298","298","164","166"
"41","UNIQUE","1057.ON.CA","1057.ON.CA","1","3","0.857142857142857","0.142857142857143","0.000455452678570384","","SiouxLookout-Feb-2004","F","382","384","224","224","159","171","193","193","299","317","223","223","192","192","118","118","296","304","172","174"
"42","UNIQUE","1058.ON.CA","1058.ON.CA","2","3","0.857142857142857","0.142857142857143","0.000447581683840319","","SiouxLookout-Feb-2004","M","382","382","224","230","147","155","193","193","285","285","223","223","192","202","118","118","296","296","166","166"
"42","MATCH","1058.ON.CA","1069.ON.CA","2","3","0.857142857142857","0.142857142857143","","0.9","SiouxLookout-Jan-2005","M","382","382","224","230","149","157","193","193","285","285","223","223","192","202","118","118","296","296","166","166"
"43","UNIQUE","1059.ON.CA","1059.ON.CA","1","3","0.857142857142857","0.142857142857143","0.000495172475784141","","SiouxLookout-Feb-2004","F","382","384","230","230","147","159","193","193","299","299","-99","-99","192","198","108","112","288","306","166","166"
"44","UNIQUE","1060.ON.CA","1060.ON.CA","1","3","0.857142857142857","0.142857142857143","0.000113485945387426","","SiouxLookout-Feb-2004","M","382","384","224","230","155","159","185","193","301","301","223","223","192","214","118","118","298","304","166","168"
"45","UNIQUE","1062.ON.CA","1062.ON.CA","1","3","0.857142857142857","0.142857142857143","5.35317310207257e-05","","SiouxLookout-Jan-2005","F","384","388","236","236","157","159","181","185","299","299","223","227","192","214","106","120","304","304","166","172"
"46","CHECK_UNIQUE","1063.ON.CA","1063.ON.CA","5","3","0.857142857142857","0.142857142857143","4.91473287099479e-05","","SiouxLookout-Jan-2005","M","382","384","224","238","157","161","193","193","285","285","227","227","192","202","106","116","288","306","172","172"
"46","MATCH","1063.ON.CA","1128.ON.CA","5","3","0.857142857142857","0.142857142857143","9.7583848946818e-05","0.98","SiouxLookout-Feb-2005","-99","382","384","224","238","157","161","193","193","285","285","227","227","192","202","106","116","288","306","172","172"
"46","MULTIPLE_MATCH","1063.ON.CA","1129.ON.CA","5","3","0.857142857142857","0.142857142857143","0.000242206533094131","0.93","SiouxLookout-Feb-2005","-99","382","384","224","238","157","161","193","193","285","285","-99","-99","192","202","106","116","288","306","172","172"
"46","MULTIPLE_MATCH","1063.ON.CA","1131.ON.CA","5","3","0.857142857142857","0.142857142857143","0.000242206533094131","0.93","SiouxLookout-Feb-2005","-99","382","384","224","238","157","161","193","193","285","285","-99","-99","192","202","106","116","288","306","172","172"
"46","MATCH","1063.ON.CA","1270.ON.CA","5","3","0.857142857142857","0.142857142857143","0.000684042527210431","0.88","SiouxLookout-Jan-2006","-99","382","384","224","238","157","161","193","193","-99","-99","227","227","-99","-99","106","116","288","306","172","172"
"47","UNIQUE","1065.ON.CA","1065.ON.CA","1","3","0.857142857142857","0.142857142857143","0.000173376948066854","","SiouxLookout-Jan-2005","M","382","382","236","236","159","167","185","193","299","299","223","223","212","216","108","118","288","296","166","174"
"48","UNIQUE","1070.ON.CA","1070.ON.CA","5","3","0.857142857142857","0.142857142857143","0.00179767340569025","","SiouxLookout-Jan-2005","-99","382","384","230","230","159","159","193","193","299","299","223","223","192","204","106","118","296","296","166","166"
"48","MATCH","1070.ON.CA","1132.ON.CA","5","3","0.857142857142857","0.142857142857143","0.00179767340569025","1","SiouxLookout-Feb-2005","-99","382","384","230","230","159","159","193","193","299","299","223","223","192","204","106","118","296","296","166","166"
"48","MATCH","1070.ON.CA","1142.ON.CA","5","3","0.857142857142857","0.142857142857143","0.00179767340569025","1","SiouxLookout-Feb-2005","-99","382","384","230","230","159","159","193","193","299","299","223","223","192","204","106","118","296","296","166","166"
"48","MATCH","1070.ON.CA","1133.ON.CA","5","3","0.857142857142857","0.142857142857143","0.00296066822842708","0.95","SiouxLookout-Feb-2005","-99","382","384","230","230","159","159","193","193","299","299","-99","-99","192","204","106","118","296","296","166","166"
"48","MATCH","1070.ON.CA","1184.ON.CA","5","3","0.857142857142857","0.142857142857143","0.00316161302457202","0.95","SiouxLookout-Jan-2006","-99","-99","-99","230","230","159","159","193","193","299","299","223","223","192","204","106","118","296","296","166","166"
"49","UNIQUE","1071.ON.CA","1071.ON.CA","1","3","0.857142857142857","0.142857142857143","5.97085510064091e-05","","SiouxLookout-Jan-2005","-99","382","388","230","236","157","161","181","185","299","299","223","227","202","214","106","120","298","304","166","172"
"50","CHECK_UNIQUE","1072.ON.CA","1072.ON.CA","2","3","0.857142857142857","0.142857142857143","0.00131764784193902","","SiouxLookout-Jan-2005","F","382","384","224","230","159","159","193","193","-99","-99","223","223","198","202","106","118","296","298","166","166"
"50","MULTIPLE_MATCH","1072.ON.CA","1222.ON.CA","2","3","0.857142857142857","0.142857142857143","0.00210955364615311","0.93","SiouxLookout-Jan-2006","-99","382","384","224","230","159","159","193","193","299","299","223","223","198","202","106","118","296","298","166","166"
"51","UNIQUE","1073.ON.CA","1073.ON.CA","2","3","0.857142857142857","0.142857142857143","0.00023428199960955","","SiouxLookout-Jan-2005","M","382","382","238","238","-99","-99","185","193","299","299","227","227","202","216","116","118","288","306","166","174"
"51","MATCH","1073.ON.CA","1083.ON.CA","2","3","0.857142857142857","0.142857142857143","0.00023428199960955","1","SiouxLookout-Jan-2005","M","382","382","238","238","-99","-99","185","193","299","299","227","227","202","216","116","118","288","306","166","174"
"52","UNIQUE","1074.ON.CA","1074.ON.CA","2","3","0.857142857142857","0.142857142857143","0.000227247698430461","","SiouxLookout-Jan-2005","F","382","382","224","224","159","163","193","193","299","301","221","227","198","216","106","118","304","306","166","166"
"52","MATCH","1074.ON.CA","1235.ON.CA","2","3","0.857142857142857","0.142857142857143","0.000363823470540064","0.98","SiouxLookout-Jan-2006","-99","382","382","224","224","159","163","193","193","299","301","221","227","198","216","106","118","304","306","166","166"
"53","UNIQUE","1075.ON.CA","1075.ON.CA","1","3","0.857142857142857","0.142857142857143","0.000221551881007872","","SiouxLookout-Jan-2005","M","382","384","224","224","159","161","193","199","301","301","223","223","192","210","106","106","288","296","166","166"
"54","UNIQUE","1076.ON.CA","1076.ON.CA","1","3","0.857142857142857","0.142857142857143","0.000613799768507809","","SiouxLookout-Jan-2005","F","384","384","-99","-99","159","167","193","193","285","299","221","227","198","210","108","118","296","306","166","166"
"55","UNIQUE","1077.ON.CA","1077.ON.CA","7","3","0.857142857142857","0.142857142857143","0.000487780200294254","","SiouxLookout-Jan-2005","F","382","394","232","232","155","159","193","193","299","299","223","227","210","210","118","118","296","296","172","172"
"55","MATCH","1077.ON.CA","1088.ON.CA","7","3","0.857142857142857","0.142857142857143","0.000487780200294254","1","SiouxLookout-Jan-2005","F","382","394","232","232","155","159","193","193","299","299","223","227","210","210","118","118","296","296","172","172"
"55","MATCH","1077.ON.CA","1278.ON.CA","7","3","0.857142857142857","0.142857142857143","0.00192156468438662","0.93","SiouxLookout-Jan-2006","-99","382","394","232","232","155","159","193","193","299","299","223","227","-99","-99","118","118","296","296","172","172"
"55","MATCH","1077.ON.CA","1279.ON.CA","7","3","0.857142857142857","0.142857142857143","0.00192156468438662","0.93","SiouxLookout-Jan-2006","-99","382","394","232","232","155","159","193","193","299","299","223","227","-99","-99","118","118","296","296","172","172"
"55","MATCH","1077.ON.CA","1280.ON.CA","7","3","0.857142857142857","0.142857142857143","0.00192156468438662","0.93","SiouxLookout-Jan-2006","-99","382","394","232","232","155","159","193","193","299","299","223","227","-99","-99","118","118","296","296","172","172"
"55","MATCH","1077.ON.CA","1315.ON.CA","7","3","0.857142857142857","0.142857142857143","0.00146730382819561","0.93","SiouxLookout-Jan-2006","-99","382","394","232","232","155","159","193","193","299","299","-99","-99","210","210","118","118","296","296","172","172"
"55","MATCH","1077.ON.CA","1281.ON.CA","7","3","0.857142857142857","0.142857142857143","0.00289231242061871","0.88","SiouxLookout-Jan-2006","-99","382","394","232","232","155","159","-99","-99","299","299","223","227","-99","-99","118","118","296","296","172","172"
"56","UNIQUE","1078.ON.CA","1078.ON.CA","2","3","0.857142857142857","0.142857142857143","0.000229915880991752","","SiouxLookout-Jan-2005","F","382","382","224","232","159","163","193","193","299","301","227","227","210","210","106","118","296","306","172","174"
"56","MATCH","1078.ON.CA","1125.ON.CA","2","3","0.857142857142857","0.142857142857143","0.000913625260723137","0.93","SiouxLookout-Feb-2005","-99","382","382","224","232","159","163","193","193","299","301","-99","-99","210","210","106","118","296","306","172","174"
"57","UNIQUE","1079.ON.CA","1079.ON.CA","2","3","0.857142857142857","0.142857142857143","0.000331670945718662","","SiouxLookout-Jan-2005","M","-99","-99","224","232","167","171","193","199","299","317","221","223","210","210","112","118","296","304","166","166"
"57","MATCH","1079.ON.CA","1205.ON.CA","2","3","0.857142857142857","0.142857142857143","0.00145255427976882","0.88","SiouxLookout-Jan-2006","-99","384","394","-99","-99","167","171","193","199","299","317","221","223","210","210","112","118","296","304","166","166"
"58","UNIQUE","1080.ON.CA","1080.ON.CA","2","3","0.857142857142857","0.142857142857143","0.000265849919364516","","SiouxLookout-Jan-2005","M","382","382","224","224","159","171","181","193","285","299","213","219","192","192","118","118","296","296","166","172"
"58","MATCH","1080.ON.CA","1084.ON.CA","2","3","0.857142857142857","0.142857142857143","0.000265849919364516","1","SiouxLookout-Jan-2005","M","382","382","224","224","159","171","181","193","285","299","213","219","192","192","118","118","296","296","166","172"
"59","UNIQUE","1081.ON.CA","1081.ON.CA","3","3","0.857142857142857","0.142857142857143","0.000364298374322325","","SiouxLookout-Jan-2005","F","382","382","224","224","159","163","193","193","285","285","221","223","192","210","112","118","288","296","166","172"
"59","MATCH","1081.ON.CA","1173.ON.CA","3","3","0.857142857142857","0.142857142857143","0.000583241545562273","0.98","SiouxLookout-Feb-2005","-99","382","382","224","224","159","163","193","193","285","285","221","223","192","210","112","118","288","296","166","172"
"59","MATCH","1081.ON.CA","1267.ON.CA","3","3","0.857142857142857","0.142857142857143","0.000583241545562273","0.98","SiouxLookout-Jan-2006","-99","382","382","224","224","159","163","193","193","285","285","221","223","192","210","112","118","288","296","166","172"
"60","UNIQUE","1085.ON.CA","1085.ON.CA","2","3","0.857142857142857","0.142857142857143","0.000337891864320738","","SiouxLookout-Jan-2005","M","382","382","232","232","159","171","199","199","299","299","223","227","192","210","118","118","296","296","166","174"
"60","MATCH","1085.ON.CA","1171.ON.CA","2","3","0.857142857142857","0.142857142857143","0.00273238070455467","0.88","SiouxLookout-Feb-2005","-99","382","382","232","232","159","171","199","199","299","299","223","227","192","210","-99","-99","296","296","-99","-99"
"61","UNIQUE","1086.ON.CA","1086.ON.CA","4","3","0.857142857142857","0.142857142857143","0.000455002078806543","","SiouxLookout-Jan-2005","F","384","394","224","224","-99","-99","193","193","297","297","223","227","210","210","118","118","296","296","172","174"
"61","MATCH","1086.ON.CA","1090.ON.CA","4","3","0.857142857142857","0.142857142857143","0.000455002078806543","0.95","SiouxLookout-Jan-2005","F","384","394","224","224","155","159","193","193","297","297","223","227","210","210","118","118","296","296","172","174"
"61","MATCH","1086.ON.CA","1095.ON.CA","4","3","0.857142857142857","0.142857142857143","0.000455002078806543","0.95","SiouxLookout-Jan-2005","F","384","394","224","224","155","159","193","193","297","297","223","227","210","210","118","118","296","296","172","174"
"61","MATCH","1086.ON.CA","1257.ON.CA","4","3","0.857142857142857","0.142857142857143","0.0028345483136306","0.88","SiouxLookout-Jan-2006","-99","384","394","224","224","155","159","193","193","-99","-99","223","227","210","210","118","118","296","296","172","174"
"62","UNIQUE","1087.ON.CA","1087.ON.CA","1","3","0.857142857142857","0.142857142857143","0.000387766829166058","","SiouxLookout-Jan-2005","F","382","384","224","238","159","159","193","193","285","299","221","227","202","210","106","118","288","296","166","172"
"63","UNIQUE","1089.ON.CA","1089.ON.CA","2","3","0.857142857142857","0.142857142857143","0.000326466139429596","","SiouxLookout-Jan-2005","F","384","384","224","232","155","159","193","199","299","299","221","223","210","210","108","116","296","296","166","172"
"63","MATCH","1089.ON.CA","1168.ON.CA","2","3","0.857142857142857","0.142857142857143","0.000326466139429596","1","SiouxLookout-Feb-2005","F","384","384","224","232","155","159","193","199","299","299","221","223","210","210","108","116","296","296","166","172"
"64","UNIQUE","1091.ON.CA","1091.ON.CA","1","3","0.857142857142857","0.142857142857143","0.00116327429963374","","SiouxLookout-Jan-2005","M","-99","-99","224","224","159","159","193","193","299","299","223","223","192","192","112","116","296","304","166","174"
"65","UNIQUE","1092.ON.CA","1092.ON.CA","3","3","0.857142857142857","0.142857142857143","0.00040857825822323","","SiouxLookout-Jan-2005","M","382","394","224","232","159","171","193","193","285","299","227","227","192","192","118","118","296","304","166","166"
"65","MATCH","1092.ON.CA","1207.ON.CA","3","3","0.857142857142857","0.142857142857143","0.000811247326761413","0.98","SiouxLookout-Jan-2006","-99","382","394","224","232","159","171","193","193","285","299","227","227","192","192","118","118","296","304","166","166"
"65","MATCH","1092.ON.CA","1307.ON.CA","3","3","0.857142857142857","0.142857142857143","0.0020135442966986","0.93","SiouxLookout-Jan-2006","-99","382","394","224","232","159","171","193","193","285","299","-99","-99","192","192","118","118","296","304","166","166"
"66","UNIQUE","1093.ON.CA","1093.ON.CA","4","3","0.857142857142857","0.142857142857143","0.000277030459236036","","SiouxLookout-Jan-2005","F","382","394","224","224","159","159","181","193","299","299","213","221","192","192","112","118","296","304","166","172"
"66","MATCH","1093.ON.CA","1167.ON.CA","4","3","0.857142857142857","0.142857142857143","0.00044352564985561","0.98","SiouxLookout-Feb-2005","-99","382","394","224","224","159","159","181","193","299","299","213","221","192","192","112","118","296","304","166","172"
"66","MATCH","1093.ON.CA","1291.ON.CA","4","3","0.857142857142857","0.142857142857143","0.00044352564985561","0.98","SiouxLookout-Jan-2006","-99","382","394","224","224","159","159","181","193","299","299","213","221","192","192","112","118","296","304","166","172"
"66","MATCH","1093.ON.CA","1321.ON.CA","4","3","0.857142857142857","0.142857142857143","0.00044352564985561","0.98","SiouxLookout-Jan-2006","-99","382","394","224","224","159","159","181","193","299","299","213","221","192","192","112","118","296","304","166","172"
"67","UNIQUE","1094.ON.CA","1094.ON.CA","2","3","0.857142857142857","0.142857142857143","0.000310047768059838","","SiouxLookout-Jan-2005","F","382","382","232","254","157","159","185","199","299","299","223","227","192","192","112","118","296","296","166","172"
"67","MATCH","1094.ON.CA","1165.ON.CA","2","3","0.857142857142857","0.142857142857143","0.000310047768059838","1","SiouxLookout-Feb-2005","F","382","382","232","254","157","159","185","199","299","299","223","227","192","192","112","118","296","296","166","172"
"68","UNIQUE","1096.ON.CA","1096.ON.CA","5","3","0.857142857142857","0.142857142857143","0.00320085251813914","","SiouxLookout-Feb-2005","-99","382","382","-99","-99","159","171","193","199","-99","-99","223","223","192","192","106","112","296","296","166","172"
"68","MATCH","1096.ON.CA","1097.ON.CA","5","3","0.857142857142857","0.142857142857143","0.00320085251813914","0.95","SiouxLookout-Feb-2005","-99","382","382","224","232","159","171","193","199","-99","-99","223","223","192","192","106","112","296","296","166","172"
"68","MATCH","1096.ON.CA","1162.ON.CA","5","3","0.857142857142857","0.142857142857143","","0.95","SiouxLookout-Feb-2005","-99","382","382","-99","-99","159","171","193","199","-99","-99","223","227","192","192","106","112","296","296","166","172"
"68","MATCH","1096.ON.CA","1163.ON.CA","5","3","0.857142857142857","0.142857142857143","","0.95","SiouxLookout-Feb-2005","-99","382","382","-99","-99","159","171","193","199","-99","-99","223","227","192","192","106","112","296","296","166","172"
"68","MATCH","1096.ON.CA","1103.ON.CA","5","3","0.857142857142857","0.142857142857143","","0.9","SiouxLookout-Feb-2005","-99","382","382","224","232","159","171","193","199","-99","-99","223","227","192","192","106","112","296","296","166","172"
"69","UNIQUE","1098.ON.CA","1098.ON.CA","1","3","0.857142857142857","0.142857142857143","0.00378838055746262","","SiouxLookout-Feb-2005","-99","382","394","224","232","-99","-99","193","193","285","299","-99","-99","192","210","108","118","296","296","166","172"
"70","UNIQUE","1099.ON.CA","1099.ON.CA","3","3","0.857142857142857","0.142857142857143","0.00120468836573436","","SiouxLookout-Feb-2005","-99","382","394","224","224","159","163","193","193","299","299","223","223","192","198","106","118","296","304","166","166"
"70","MATCH","1099.ON.CA","1160.ON.CA","3","3","0.857142857142857","0.142857142857143","","0.95","SiouxLookout-Feb-2005","-99","382","394","224","224","159","163","193","193","299","299","223","227","192","198","106","118","296","304","166","166"
"70","MATCH","1099.ON.CA","1101.ON.CA","3","3","0.857142857142857","0.142857142857143","0.00292982681306264","0.9","SiouxLookout-Feb-2005","-99","382","394","224","224","159","163","193","193","-99","-99","-99","-99","192","198","106","118","296","304","166","166"
"71","UNIQUE","1100.ON.CA","1100.ON.CA","2","3","0.857142857142857","0.142857142857143","0.00102684065237169","","SiouxLookout-Feb-2005","-99","382","382","224","232","159","171","193","199","299","299","223","223","210","210","116","118","296","304","166","172"
"71","MATCH","1100.ON.CA","1333.ON.CA","2","3","0.857142857142857","0.142857142857143","0.00169114950775327","0.95","SiouxLookout-Jan-2007","-99","382","382","224","232","159","171","193","199","299","299","-99","-99","210","210","116","118","296","304","166","172"
"72","CHECK_UNIQUE","1102.ON.CA","1102.ON.CA","2","3","0.857142857142857","0.142857142857143","0.000614096544253155","","SiouxLookout-Feb-2005","-99","382","394","-99","-99","163","167","193","199","299","299","223","227","192","204","106","116","296","296","172","172"
"72","MULTIPLE_MATCH","1102.ON.CA","1158.ON.CA","2","3","0.857142857142857","0.142857142857143","0.000614096544253155","0.95","SiouxLookout-Feb-2005","-99","382","394","224","224","163","167","193","199","299","299","223","227","192","204","106","116","296","296","172","172"
"73","UNIQUE","1104.ON.CA","1104.ON.CA","1","3","0.857142857142857","0.142857142857143","0.00135283364943051","","SiouxLookout-Feb-2005","-99","382","394","-99","-99","159","171","193","193","285","299","219","223","192","210","108","118","296","296","166","172"
"74","UNIQUE","1107.ON.CA","1107.ON.CA","1","3","0.857142857142857","0.142857142857143","0.00141937071969065","","SiouxLookout-Feb-2005","-99","384","384","224","232","159","159","193","193","-99","-99","223","227","210","214","106","118","296","306","166","172"
"75","UNIQUE","1108.ON.CA","1108.ON.CA","1","3","0.857142857142857","0.142857142857143","0.000551004542550416","","SiouxLookout-Feb-2005","-99","382","394","224","232","159","159","199","199","285","299","221","227","210","210","118","118","296","296","166","166"
"76","UNIQUE","1109.ON.CA","1109.ON.CA","3","3","0.857142857142857","0.142857142857143","0.00322271831928862","","SiouxLookout-Feb-2005","-99","382","384","224","224","159","159","185","193","299","299","-99","-99","192","192","112","118","-99","-99","172","174"
"76","MATCH","1109.ON.CA","1110.ON.CA","3","3","0.857142857142857","0.142857142857143","0.00322271831928862","0.9","SiouxLookout-Feb-2005","-99","382","384","224","224","159","159","185","193","299","299","223","223","192","192","112","118","296","296","172","174"
"76","MATCH","1109.ON.CA","1248.ON.CA","3","3","0.857142857142857","0.142857142857143","0.00322271831928862","0.9","SiouxLookout-Jan-2006","-99","382","384","224","224","159","159","185","193","299","299","223","223","192","192","112","118","296","296","172","174"
"77","UNIQUE","1111.ON.CA","1111.ON.CA","1","3","0.857142857142857","0.142857142857143","0.00449994963882856","","SiouxLookout-Feb-2005","-99","382","394","224","232","-99","-99","193","193","299","299","223","227","192","210","112","116","-99","-99","166","166"
"78","UNIQUE","1112.ON.CA","1112.ON.CA","1","3","0.857142857142857","0.142857142857143","0.00317533558798498","","SiouxLookout-Feb-2005","-99","-99","-99","224","224","159","171","193","193","-99","-99","227","227","192","210","118","118","296","304","166","172"
"79","UNIQUE","1113.ON.CA","1113.ON.CA","2","3","0.857142857142857","0.142857142857143","0.000745487549234407","","SiouxLookout-Feb-2005","-99","382","394","224","224","159","163","193","199","299","301","-99","-99","192","192","106","116","296","304","166","172"
"79","MATCH","1113.ON.CA","1256.ON.CA","2","3","0.857142857142857","0.142857142857143","0.000745487549234407","0.95","SiouxLookout-Jan-2006","-99","382","394","224","224","159","163","193","199","299","301","221","227","192","192","106","116","296","304","166","172"
"80","UNIQUE","1115.ON.CA","1115.ON.CA","1","3","0.857142857142857","0.142857142857143","0.00553843658701277","","SiouxLookout-Feb-2005","-99","382","382","232","232","159","159","193","193","299","299","-99","-99","198","216","118","118","-99","-99","166","166"
"81","UNIQUE","1118.ON.CA","1118.ON.CA","4","3","0.857142857142857","0.142857142857143","0.000679075754708487","","SiouxLookout-Feb-2005","-99","384","384","230","238","157","159","185","193","299","299","223","227","198","202","118","118","296","296","166","166"
"81","MATCH","1118.ON.CA","1151.ON.CA","4","3","0.857142857142857","0.142857142857143","0.000679075754708487","1","SiouxLookout-Feb-2005","-99","384","384","230","238","157","159","185","193","299","299","223","227","198","202","118","118","296","296","166","166"
"81","MATCH","1118.ON.CA","1149.ON.CA","4","3","0.857142857142857","0.142857142857143","0.0010027819508722","0.95","SiouxLookout-Feb-2005","-99","384","384","230","238","157","159","185","193","-99","-99","223","227","198","202","118","118","296","296","166","166"
"81","MATCH","1118.ON.CA","1152.ON.CA","4","3","0.857142857142857","0.142857142857143","0.0010027819508722","0.95","SiouxLookout-Feb-2005","-99","384","384","230","238","157","159","185","193","-99","-99","223","227","198","202","118","118","296","296","166","166"
"82","UNIQUE","1119.ON.CA","1119.ON.CA","2","3","0.857142857142857","0.142857142857143","0.00120576792764122","","SiouxLookout-Feb-2005","-99","382","384","-99","-99","155","167","185","185","-99","-99","223","223","192","212","106","118","288","288","166","166"
"82","MATCH","1119.ON.CA","1120.ON.CA","2","3","0.857142857142857","0.142857142857143","0.00120576792764122","0.9","SiouxLookout-Feb-2005","-99","382","384","230","240","155","167","185","185","299","299","223","223","192","212","106","118","288","288","166","166"
"83","UNIQUE","1121.ON.CA","1121.ON.CA","2","3","0.857142857142857","0.142857142857143","0.000682864834581165","","SiouxLookout-Feb-2005","-99","382","384","224","230","147","159","185","193","285","299","223","223","192","212","118","118","296","296","152","166"
"83","MATCH","1121.ON.CA","1146.ON.CA","2","3","0.857142857142857","0.142857142857143","0.000682864834581165","1","SiouxLookout-Feb-2005","-99","382","384","224","230","147","159","185","193","285","299","223","223","192","212","118","118","296","296","152","166"
"84","UNIQUE","1122.ON.CA","1122.ON.CA","1","3","0.857142857142857","0.142857142857143","0.00359880561169625","","SiouxLookout-Feb-2005","-99","382","384","224","232","159","159","193","193","-99","-99","223","227","192","210","118","118","296","304","166","166"
"85","UNIQUE","1123.ON.CA","1123.ON.CA","1","3","0.857142857142857","0.142857142857143","0.00139703836664702","","SiouxLookout-Feb-2005","-99","382","382","238","238","159","163","193","193","-99","-99","227","227","-99","-99","102","118","296","306","166","174"
"86","UNIQUE","1124.ON.CA","1124.ON.CA","1","3","0.857142857142857","0.142857142857143","0.000950256349980963","","SiouxLookout-Feb-2005","-99","384","384","224","232","159","159","193","193","-99","-99","227","227","208","210","102","116","296","296","166","172"
"87","UNIQUE","1126.ON.CA","1126.ON.CA","6","3","0.857142857142857","0.142857142857143","0.000121866225160734","","SiouxLookout-Feb-2005","-99","382","382","232","238","155","159","193","199","285","285","213","227","192","202","106","116","304","306","166","172"
"87","MATCH","1126.ON.CA","1127.ON.CA","6","3","0.857142857142857","0.142857142857143","0.000121866225160734","1","SiouxLookout-Feb-2005","-99","382","382","232","238","155","159","193","199","285","285","213","227","192","202","106","116","304","306","166","172"
"87","MATCH","1126.ON.CA","1236.ON.CA","6","3","0.857142857142857","0.142857142857143","0.000121866225160734","1","SiouxLookout-Jan-2006","-99","382","382","232","238","155","159","193","199","285","285","213","227","192","202","106","116","304","306","166","172"
"87","MATCH","1126.ON.CA","1238.ON.CA","6","3","0.857142857142857","0.142857142857143","0.000121866225160734","1","SiouxLookout-Jan-2006","-99","382","382","232","238","155","159","193","199","285","285","213","227","192","202","106","116","304","306","166","172"
"87","MATCH","1126.ON.CA","1274.ON.CA","6","3","0.857142857142857","0.142857142857143","0.000319028056459227","0.95","SiouxLookout-Jan-2006","-99","382","382","232","238","155","159","193","199","285","285","213","227","-99","-99","106","116","304","306","166","172"
"87","MATCH","1126.ON.CA","1273.ON.CA","6","3","0.857142857142857","0.142857142857143","0.000585832652277503","0.9","SiouxLookout-Jan-2006","-99","382","382","232","238","155","159","193","199","285","285","213","227","-99","-99","106","116","304","306","-99","-99"
"88","UNIQUE","1130.ON.CA","1130.ON.CA","1","3","0.857142857142857","0.142857142857143","0.000340015769293735","","SiouxLookout-Feb-2005","-99","384","384","224","232","147","159","185","193","285","299","223","223","204","214","112","118","296","304","166","174"
"89","UNIQUE","1134.ON.CA","1134.ON.CA","6","3","0.857142857142857","0.142857142857143","0.000547334542243225","","SiouxLookout-Feb-2005","-99","382","384","238","238","159","159","193","193","285","285","-99","-99","198","210","106","106","296","306","166","174"
"89","MATCH","1134.ON.CA","1139.ON.CA","6","3","0.857142857142857","0.142857142857143","0.000547334542243225","1","SiouxLookout-Feb-2005","-99","382","384","238","238","159","159","193","193","285","285","-99","-99","198","210","106","106","296","306","166","174"
"89","MATCH","1134.ON.CA","1300.ON.CA","6","3","0.857142857142857","0.142857142857143","0.000547334542243225","1","SiouxLookout-Jan-2006","-99","382","384","238","238","159","159","193","193","285","285","-99","-99","198","210","106","106","296","306","166","174"
"89","MATCH","1134.ON.CA","1301.ON.CA","6","3","0.857142857142857","0.142857142857143","0.000547334542243225","1","SiouxLookout-Jan-2006","-99","382","384","238","238","159","159","193","193","285","285","-99","-99","198","210","106","106","296","306","166","174"
"89","MATCH","1134.ON.CA","1302.ON.CA","6","3","0.857142857142857","0.142857142857143","0.000547334542243225","1","SiouxLookout-Jan-2006","-99","382","384","238","238","159","159","193","193","285","285","-99","-99","198","210","106","106","296","306","166","174"
"89","MATCH","1134.ON.CA","1239.ON.CA","6","3","0.857142857142857","0.142857142857143","0.000547334542243225","0.95","SiouxLookout-Jan-2006","-99","382","384","238","238","159","159","193","193","285","285","227","227","198","210","106","106","296","306","166","174"
"90","CHECK_UNIQUE","1135.ON.CA","1135.ON.CA","3","3","0.857142857142857","0.142857142857143","0.00199633456920517","","SiouxLookout-Feb-2005","-99","382","384","232","238","159","159","193","193","-99","-99","223","223","192","216","106","116","296","296","166","166"
"90","MATCH","1135.ON.CA","1306.ON.CA","3","3","0.857142857142857","0.142857142857143","0.00199633456920517","0.95","SiouxLookout-Jan-2006","-99","382","384","232","238","159","159","193","193","285","301","223","223","192","216","106","116","296","296","166","166"
"90","MULTIPLE_MATCH","1135.ON.CA","1039.ON.CA","3","3","0.857142857142857","0.142857142857143","","0.88","SiouxLookout-Feb-2004","F","382","384","232","238","159","159","193","193","285","301","223","227","192","216","106","116","296","296","166","166"
"91","UNIQUE","1136.ON.CA","1136.ON.CA","1","3","0.857142857142857","0.142857142857143","0.000295519557645591","","SiouxLookout-Feb-2005","-99","384","384","236","236","147","155","185","193","285","285","223","223","202","214","-99","-99","288","288","166","166"
"92","UNIQUE","1138.ON.CA","1138.ON.CA","1","3","0.857142857142857","0.142857142857143","0.000560071612525065","","SiouxLookout-Feb-2005","-99","384","394","224","224","159","171","193","193","297","299","223","227","192","192","118","118","296","296","172","172"
"93","UNIQUE","1140.ON.CA","1140.ON.CA","1","3","0.857142857142857","0.142857142857143","0.000943630340560227","","SiouxLookout-Feb-2005","-99","382","382","224","224","159","163","193","193","-99","-99","223","223","198","216","106","108","304","306","166","166"
"94","UNIQUE","1143.ON.CA","1143.ON.CA","1","3","0.857142857142857","0.142857142857143","0.000591692427318235","","SiouxLookout-Feb-2005","-99","382","382","222","224","155","159","193","199","285","285","223","223","-99","-99","102","118","288","304","166","174"
"95","UNIQUE","1144.ON.CA","1144.ON.CA","1","3","0.857142857142857","0.142857142857143","0.000157571762232085","","SiouxLookout-Feb-2005","-99","384","384","224","230","155","157","181","185","285","299","223","223","202","212","118","118","288","288","166","172"
"96","UNIQUE","1147.ON.CA","1147.ON.CA","2","3","0.857142857142857","0.142857142857143","0.00059185423534704","","SiouxLookout-Feb-2005","-99","382","382","230","236","159","159","185","185","299","299","223","223","202","214","112","118","296","304","166","166"
"96","MATCH","1147.ON.CA","1148.ON.CA","2","3","0.857142857142857","0.142857142857143","0.00059185423534704","1","SiouxLookout-Feb-2005","-99","382","382","230","236","159","159","185","185","299","299","223","223","202","214","112","118","296","304","166","166"
"97","UNIQUE","1150.ON.CA","1150.ON.CA","3","3","0.857142857142857","0.142857142857143","0.000505752918493766","","SiouxLookout-Feb-2005","-99","384","384","230","236","159","167","193","193","299","299","223","223","214","216","108","118","296","296","166","174"
"97","MATCH","1150.ON.CA","1153.ON.CA","3","3","0.857142857142857","0.142857142857143","0.000505752918493766","1","SiouxLookout-Feb-2005","-99","384","384","230","236","159","167","193","193","299","299","223","223","214","216","108","118","296","296","166","174"
"97","MATCH","1150.ON.CA","1224.ON.CA","3","3","0.857142857142857","0.142857142857143","0.000505752918493766","1","SiouxLookout-Jan-2006","-99","384","384","230","236","159","167","193","193","299","299","223","223","214","216","108","118","296","296","166","174"
"98","UNIQUE","1154.ON.CA","1154.ON.CA","5","3","0.857142857142857","0.142857142857143","0.000446541984872976","","SiouxLookout-Feb-2005","-99","382","384","224","230","157","159","181","185","285","299","223","223","192","202","118","118","288","304","166","166"
"98","MATCH","1154.ON.CA","1155.ON.CA","5","3","0.857142857142857","0.142857142857143","0.000446541984872976","1","SiouxLookout-Feb-2005","-99","382","384","224","230","157","159","181","185","285","299","223","223","192","202","118","118","288","304","166","166"
"98","MATCH","1154.ON.CA","1212.ON.CA","5","3","0.857142857142857","0.142857142857143","0.00113042830670733","0.95","SiouxLookout-Jan-2006","-99","382","384","224","230","-99","-99","181","185","285","299","223","223","192","202","118","118","288","304","166","166"
"98","MATCH","1154.ON.CA","1214.ON.CA","5","3","0.857142857142857","0.142857142857143","","0.95","SiouxLookout-Jan-2006","-99","382","384","224","230","159","159","181","185","285","299","223","223","192","202","118","118","288","304","166","166"
"98","MATCH","1154.ON.CA","1221.ON.CA","5","3","0.857142857142857","0.142857142857143","","0.95","SiouxLookout-Jan-2006","-99","382","384","224","230","159","159","181","185","285","299","223","223","192","202","118","118","288","304","166","166"
"99","UNIQUE","1156.ON.CA","1156.ON.CA","1","3","0.857142857142857","0.142857142857143","0.000929734196985912","","SiouxLookout-Feb-2005","-99","382","384","230","240","147","159","185","193","299","299","223","223","-99","-99","106","112","288","298","166","166"
"100","UNIQUE","1157.ON.CA","1157.ON.CA","1","3","0.857142857142857","0.142857142857143","0.000705723616406675","","SiouxLookout-Feb-2005","-99","382","382","230","230","147","159","193","193","299","299","223","223","202","202","118","118","298","298","166","166"
"101","UNIQUE","1159.ON.CA","1159.ON.CA","1","3","0.857142857142857","0.142857142857143","0.000578602680591947","","SiouxLookout-Feb-2005","-99","382","394","-99","-99","159","159","185","193","285","299","213","227","204","210","116","116","296","296","172","172"
"102","UNIQUE","1161.ON.CA","1161.ON.CA","1","3","0.857142857142857","0.142857142857143","0.00343466072596763","","SiouxLookout-Feb-2005","-99","382","382","224","232","159","171","193","199","299","299","223","227","-99","-99","106","112","-99","-99","166","172"
"103","UNIQUE","1164.ON.CA","1164.ON.CA","1","3","0.857142857142857","0.142857142857143","0.00212981153901426","","SiouxLookout-Feb-2005","-99","-99","-99","232","254","159","171","-99","-99","299","299","223","223","192","210","108","112","296","296","166","172"
"104","UNIQUE","1166.ON.CA","1166.ON.CA","1","3","0.857142857142857","0.142857142857143","0.000510766993849606","","SiouxLookout-Feb-2005","-99","382","384","224","232","155","171","193","199","299","299","221","223","210","210","116","116","296","304","166","166"
"105","UNIQUE","1169.ON.CA","1169.ON.CA","1","3","0.857142857142857","0.142857142857143","0.00169446357990452","","SiouxLookout-Feb-2005","-99","382","394","224","232","155","159","193","193","299","299","-99","-99","192","210","112","116","296","304","166","166"
"106","UNIQUE","1170.ON.CA","1170.ON.CA","1","3","0.857142857142857","0.142857142857143","0.00297415130053289","","SiouxLookout-Feb-2005","-99","384","394","224","232","159","159","193","193","299","299","223","227","-99","-99","118","118","296","304","166","172"
"107","UNIQUE","1172.ON.CA","1172.ON.CA","1","3","0.857142857142857","0.142857142857143","0.000521791831429679","","SiouxLookout-Feb-2005","-99","382","384","224","224","159","167","193","193","-99","-99","221","221","208","210","112","116","296","296","172","174"
"108","UNIQUE","1174.ON.CA","1174.ON.CA","1","3","0.857142857142857","0.142857142857143","0.000479632105186162","","SiouxLookout-Feb-2005","-99","382","382","224","232","155","171","193","199","299","317","223","223","192","210","118","118","296","296","172","174"
"109","UNIQUE","1175.ON.CA","1175.ON.CA","4","3","0.857142857142857","0.142857142857143","0.000338594890541562","","SiouxLookout-Feb-2005","-99","384","384","224","232","159","167","193","199","-99","-99","213","221","210","210","112","116","296","296","172","174"
"109","MATCH","1175.ON.CA","1177.ON.CA","4","3","0.857142857142857","0.142857142857143","0.000338594890541562","0.95","SiouxLookout-Feb-2005","-99","384","384","224","232","159","167","193","199","285","285","213","221","210","210","112","116","296","296","172","174"
"109","MATCH","1175.ON.CA","1250.ON.CA","4","3","0.857142857142857","0.142857142857143","0.000338594890541562","0.95","SiouxLookout-Jan-2006","-99","384","384","224","232","159","167","193","199","285","285","213","221","210","210","112","116","296","296","172","174"
"109","MATCH","1175.ON.CA","1253.ON.CA","4","3","0.857142857142857","0.142857142857143","0.000743143792683812","0.9","SiouxLookout-Jan-2006","-99","-99","-99","224","232","159","167","193","199","285","285","213","221","210","210","112","116","296","296","172","174"
"110","UNIQUE","1176.ON.CA","1176.ON.CA","4","3","0.857142857142857","0.142857142857143","0.00101640951792697","","SiouxLookout-Feb-2005","-99","382","382","224","232","159","167","193","199","299","299","-99","-99","192","210","116","118","288","296","174","174"
"110","MATCH","1176.ON.CA","1252.ON.CA","4","3","0.857142857142857","0.142857142857143","0.00101640951792697","0.95","SiouxLookout-Jan-2006","-99","382","382","224","232","159","167","193","199","299","299","223","223","192","210","116","118","288","296","174","174"
"110","MATCH","1176.ON.CA","1287.ON.CA","4","3","0.857142857142857","0.142857142857143","0.00101640951792697","0.95","SiouxLookout-Jan-2006","-99","382","382","224","232","159","167","193","199","299","299","223","223","192","210","116","118","288","296","174","174"
"110","MATCH","1176.ON.CA","1329.ON.CA","4","3","0.857142857142857","0.142857142857143","","0.9","SiouxLookout-Jan-2007","-99","382","382","224","232","159","165","193","199","299","299","223","223","192","210","116","118","288","296","174","174"
"111","UNIQUE","1178.ON.CA","1178.ON.CA","1","3","0.857142857142857","0.142857142857143","0.00091116115471893","","SiouxLookout-Jan-2006","-99","-99","-99","-99","-99","155","159","193","199","285","285","223","227","202","210","102","118","288","304","166","174"
"112","UNIQUE","1180.ON.CA","1180.ON.CA","1","3","0.857142857142857","0.142857142857143","0.000442854920624535","","SiouxLookout-Jan-2006","-99","382","384","230","230","157","159","193","199","285","299","223","223","198","204","116","118","296","298","166","166"
"113","UNIQUE","1181.ON.CA","1181.ON.CA","1","3","0.857142857142857","0.142857142857143","0.000239183352833659","","SiouxLookout-Jan-2006","-99","382","382","240","242","155","155","181","197","-99","-99","223","227","202","202","106","118","296","304","166","172"
"114","UNIQUE","1182.ON.CA","1182.ON.CA","1","3","0.857142857142857","0.142857142857143","0.000422744200234274","","SiouxLookout-Jan-2006","-99","382","382","-99","-99","147","155","181","191","299","299","223","223","202","202","102","118","288","304","166","172"
"115","UNIQUE","1183.ON.CA","1183.ON.CA","1","3","0.857142857142857","0.142857142857143","0.00710699415236978","","SiouxLookout-Jan-2006","-99","382","384","230","236","159","159","193","193","-99","-99","223","223","-99","-99","106","118","296","296","166","166"
"116","CHECK_UNIQUE","1186.ON.CA","1186.ON.CA","2","3","0.857142857142857","0.142857142857143","0.00100827094836261","","SiouxLookout-Jan-2006","-99","382","384","230","236","161","167","-99","-99","301","301","223","223","192","192","118","118","296","304","-99","-99"
"116","MULTIPLE_MATCH","1186.ON.CA","1028.ON.CA","2","3","0.857142857142857","0.142857142857143","0.00100827094836261","0.88","SiouxLookout-Jan-2004","F","382","384","230","236","161","167","185","185","301","301","223","223","192","192","118","118","296","304","166","166"
"117","UNIQUE","1187.ON.CA","1187.ON.CA","2","3","0.857142857142857","0.142857142857143","0.00100906961598811","","SiouxLookout-Jan-2006","-99","382","384","224","230","155","159","193","193","299","299","223","223","202","202","118","118","298","304","166","166"
"117","MATCH","1187.ON.CA","1233.ON.CA","2","3","0.857142857142857","0.142857142857143","0.00100906961598811","1","SiouxLookout-Jan-2006","-99","382","384","224","230","155","159","193","193","299","299","223","223","202","202","118","118","298","304","166","166"
"118","UNIQUE","1188.ON.CA","1188.ON.CA","1","3","0.857142857142857","0.142857142857143","0.000263710592328172","","SiouxLookout-Jan-2006","-99","384","384","230","236","147","159","193","193","285","285","223","223","192","202","102","114","288","296","166","166"
"119","UNIQUE","1190.ON.CA","1190.ON.CA","4","3","0.857142857142857","0.142857142857143","0.000839867802590056","","SiouxLookout-Jan-2006","-99","-99","-99","224","232","159","159","193","193","285","301","227","227","192","198","106","116","296","306","166","166"
"119","MATCH","1190.ON.CA","1191.ON.CA","4","3","0.857142857142857","0.142857142857143","0.000839867802590056","0.95","SiouxLookout-Jan-2006","-99","384","384","224","232","159","159","193","193","285","301","227","227","192","198","106","116","296","306","166","166"
"119","MATCH","1190.ON.CA","1304.ON.CA","4","3","0.857142857142857","0.142857142857143","0.00208458132076329","0.9","SiouxLookout-Jan-2006","-99","384","384","224","232","159","159","193","193","285","301","-99","-99","192","198","106","116","296","306","166","166"
"119","MATCH","1190.ON.CA","1305.ON.CA","4","3","0.857142857142857","0.142857142857143","0.00208458132076329","0.9","SiouxLookout-Jan-2006","-99","384","384","224","232","159","159","193","193","285","301","-99","-99","192","198","106","116","296","306","166","166"
"120","UNIQUE","1193.ON.CA","1193.ON.CA","7","3","0.857142857142857","0.142857142857143","0.000179416764532938","","SiouxLookout-Jan-2006","-99","382","382","224","238","157","159","185","193","285","285","213","227","192","210","112","118","288","296","172","172"
"120","MATCH","1193.ON.CA","1308.ON.CA","7","3","0.857142857142857","0.142857142857143","0.000179416764532938","1","SiouxLookout-Jan-2006","-99","382","382","224","238","157","159","185","193","285","285","213","227","192","210","112","118","288","296","172","172"
"120","MATCH","1193.ON.CA","1309.ON.CA","7","3","0.857142857142857","0.142857142857143","0.000179416764532938","1","SiouxLookout-Jan-2006","-99","382","382","224","238","157","159","185","193","285","285","213","227","192","210","112","118","288","296","172","172"
"120","MATCH","1193.ON.CA","1310.ON.CA","7","3","0.857142857142857","0.142857142857143","0.000179416764532938","1","SiouxLookout-Jan-2006","-99","382","382","224","238","157","159","185","193","285","285","213","227","192","210","112","118","288","296","172","172"
"120","MATCH","1193.ON.CA","1334.ON.CA","7","3","0.857142857142857","0.142857142857143","0.000179416764532938","1","SiouxLookout-Jan-2007","-99","382","382","224","238","157","159","185","193","285","285","213","227","192","210","112","118","288","296","172","172"
"120","MATCH","1193.ON.CA","1335.ON.CA","7","3","0.857142857142857","0.142857142857143","0.000179416764532938","1","SiouxLookout-Jan-2007","-99","382","382","224","238","157","159","185","193","285","285","213","227","192","210","112","118","288","296","172","172"
"120","MATCH","1193.ON.CA","1194.ON.CA","7","3","0.857142857142857","0.142857142857143","0.000301140433184823","0.95","SiouxLookout-Jan-2006","-99","-99","-99","224","238","157","159","185","193","285","285","213","227","192","210","112","118","288","296","172","172"
"121","UNIQUE","1195.ON.CA","1195.ON.CA","1","3","0.857142857142857","0.142857142857143","0.00432762597982065","","SiouxLookout-Jan-2006","-99","382","394","224","232","-99","-99","185","193","299","299","223","227","192","192","118","118","-99","-99","166","172"
"122","UNIQUE","1196.ON.CA","1196.ON.CA","2","3","0.857142857142857","0.142857142857143","0.00167897657821072","","SiouxLookout-Jan-2006","-99","382","384","224","224","159","159","193","193","299","299","223","227","192","192","118","118","296","296","172","174"
"122","MATCH","1196.ON.CA","1197.ON.CA","2","3","0.857142857142857","0.142857142857143","0.00876259231685209","0.9","SiouxLookout-Jan-2006","-99","382","384","224","224","-99","-99","193","193","299","299","223","227","192","192","118","118","296","296","-99","-99"
"123","UNIQUE","1198.ON.CA","1198.ON.CA","3","3","0.857142857142857","0.142857142857143","0.000532294065225178","","SiouxLookout-Jan-2006","-99","382","384","224","238","159","161","193","199","-99","-99","221","227","192","210","116","118","288","304","166","172"
"123","MATCH","1198.ON.CA","1264.ON.CA","3","3","0.857142857142857","0.142857142857143","0.000532294065225178","1","SiouxLookout-Jan-2006","-99","382","384","224","238","159","161","193","199","-99","-99","221","227","192","210","116","118","288","304","166","172"
"123","MATCH","1198.ON.CA","1265.ON.CA","3","3","0.857142857142857","0.142857142857143","0.000532294065225178","1","SiouxLookout-Jan-2006","-99","382","384","224","238","159","161","193","199","-99","-99","221","227","192","210","116","118","288","304","166","172"
"124","UNIQUE","1199.ON.CA","1199.ON.CA","5","3","0.857142857142857","0.142857142857143","0.000240945996633413","","SiouxLookout-Jan-2006","-99","382","382","224","224","159","161","193","199","301","301","223","227","192","210","106","116","304","306","166","172"
"124","MATCH","1199.ON.CA","1200.ON.CA","5","3","0.857142857142857","0.142857142857143","0.000740721924299097","0.95","SiouxLookout-Jan-2006","-99","382","382","224","224","159","161","193","199","301","301","223","227","192","210","106","116","-99","-99","166","172"
"124","MATCH","1199.ON.CA","1201.ON.CA","5","3","0.857142857142857","0.142857142857143","0.000740721924299097","0.95","SiouxLookout-Jan-2006","-99","382","382","224","224","159","161","193","199","301","301","223","227","192","210","106","116","-99","-99","166","172"
"124","MATCH","1199.ON.CA","1330.ON.CA","5","3","0.857142857142857","0.142857142857143","0.000679407304500416","0.95","SiouxLookout-Jan-2007","-99","382","382","224","224","159","161","193","199","301","301","223","227","192","210","-99","-99","304","306","166","172"
"124","MATCH","1199.ON.CA","1263.ON.CA","5","3","0.857142857142857","0.142857142857143","0.00150209467964878","0.9","SiouxLookout-Jan-2006","-99","382","382","-99","-99","159","161","193","199","301","301","223","227","192","210","106","116","-99","-99","166","172"
"125","UNIQUE","1202.ON.CA","1202.ON.CA","2","3","0.857142857142857","0.142857142857143","0.000799626480066878","","SiouxLookout-Jan-2006","-99","382","382","224","232","155","163","193","193","-99","-99","221","227","192","198","106","116","296","296","166","172"
"125","MATCH","1202.ON.CA","1206.ON.CA","2","3","0.857142857142857","0.142857142857143","0.00136006253108016","0.95","SiouxLookout-Jan-2006","-99","382","382","224","232","155","163","193","193","-99","-99","221","227","192","198","106","116","-99","-99","166","172"
"126","UNIQUE","1203.ON.CA","1203.ON.CA","3","3","0.857142857142857","0.142857142857143","0.000423884895717875","","SiouxLookout-Jan-2006","-99","384","400","224","224","159","167","185","193","299","299","221","227","192","210","116","118","288","296","166","172"
"126","MATCH","1203.ON.CA","1243.ON.CA","3","3","0.857142857142857","0.142857142857143","0.000423884895717875","1","SiouxLookout-Jan-2006","-99","384","400","224","224","159","167","185","193","299","299","221","227","192","210","116","118","288","296","166","172"
"126","MATCH","1203.ON.CA","1286.ON.CA","3","3","0.857142857142857","0.142857142857143","0.000423884895717875","1","SiouxLookout-Jan-2006","-99","384","400","224","224","159","167","185","193","299","299","221","227","192","210","116","118","288","296","166","172"
"127","UNIQUE","1204.ON.CA","1204.ON.CA","5","3","0.857142857142857","0.142857142857143","0.00200730694508467","","SiouxLookout-Jan-2006","-99","-99","-99","224","232","159","159","193","199","299","299","227","227","192","210","106","118","296","304","166","166"
"127","MATCH","1204.ON.CA","1246.ON.CA","5","3","0.857142857142857","0.142857142857143","0.00200730694508467","0.95","SiouxLookout-Jan-2006","-99","382","384","224","232","159","159","193","199","299","299","227","227","192","210","106","118","296","304","166","166"
"127","MATCH","1204.ON.CA","1290.ON.CA","5","3","0.857142857142857","0.142857142857143","0.00296416292355396","0.9","SiouxLookout-Jan-2006","-99","382","384","224","232","159","159","193","199","-99","-99","227","227","192","210","106","118","296","304","166","166"
"127","MATCH","1204.ON.CA","1292.ON.CA","5","3","0.857142857142857","0.142857142857143","0.00498220618751871","0.9","SiouxLookout-Jan-2006","-99","382","384","224","232","159","159","193","199","299","299","-99","-99","192","210","106","118","296","304","166","166"
"127","MATCH","1204.ON.CA","1318.ON.CA","5","3","0.857142857142857","0.142857142857143","0.00498220618751871","0.9","SiouxLookout-Jan-2006","-99","382","384","224","232","159","159","193","199","299","299","-99","-99","192","210","106","118","296","304","166","166"
"128","UNIQUE","1208.ON.CA","1208.ON.CA","1","3","0.857142857142857","0.142857142857143","0.000852405282346505","","SiouxLookout-Jan-2006","-99","382","394","224","224","159","171","193","193","299","299","223","223","192","210","116","116","296","306","166","172"
"129","UNIQUE","1209.ON.CA","1209.ON.CA","1","3","0.857142857142857","0.142857142857143","0.000225744927395022","","SiouxLookout-Jan-2006","-99","382","394","232","232","155","155","193","199","299","299","227","227","210","210","112","116","296","304","166","172"
"130","UNIQUE","1210.ON.CA","1210.ON.CA","1","3","0.857142857142857","0.142857142857143","0.000409196609993588","","SiouxLookout-Jan-2006","-99","382","394","232","232","159","171","185","193","299","299","223","223","192","210","108","112","304","304","166","166"
"131","UNIQUE","1211.ON.CA","1211.ON.CA","2","3","0.857142857142857","0.142857142857143","0.0006102828821155","","SiouxLookout-Jan-2006","-99","382","394","224","232","159","159","193","193","285","285","223","223","192","210","106","108","296","296","166","174"
"131","MATCH","1211.ON.CA","1311.ON.CA","2","3","0.857142857142857","0.142857142857143","0.0006102828821155","1","SiouxLookout-Jan-2006","-99","382","394","224","232","159","159","193","193","285","285","223","223","192","210","106","108","296","296","166","174"
"132","UNIQUE","1213.ON.CA","1213.ON.CA","2","3","0.857142857142857","0.142857142857143","0.000951799685005861","","SiouxLookout-Jan-2006","-99","382","382","230","236","147","167","185","193","-99","-99","223","223","192","202","118","118","296","298","166","166"
"132","MATCH","1213.ON.CA","1220.ON.CA","2","3","0.857142857142857","0.142857142857143","0.000951799685005861","1","SiouxLookout-Jan-2006","-99","382","382","230","236","147","167","185","193","-99","-99","223","223","192","202","118","118","296","298","166","166"
"133","UNIQUE","1225.ON.CA","1225.ON.CA","4","3","0.857142857142857","0.142857142857143","0.000257344451149706","","SiouxLookout-Jan-2006","-99","382","388","236","236","159","159","185","199","299","299","223","223","192","202","106","120","296","304","166","172"
"133","MATCH","1225.ON.CA","1226.ON.CA","4","3","0.857142857142857","0.142857142857143","0.000257344451149706","1","SiouxLookout-Jan-2006","-99","382","388","236","236","159","159","185","199","299","299","223","223","192","202","106","120","296","304","166","172"
"133","MATCH","1225.ON.CA","1227.ON.CA","4","3","0.857142857142857","0.142857142857143","0.000257344451149706","1","SiouxLookout-Jan-2006","-99","382","388","236","236","159","159","185","199","299","299","223","223","192","202","106","120","296","304","166","172"
"133","MATCH","1225.ON.CA","1228.ON.CA","4","3","0.857142857142857","0.142857142857143","0.000257344451149706","1","SiouxLookout-Jan-2006","-99","382","388","236","236","159","159","185","199","299","299","223","223","192","202","106","120","296","304","166","172"
"134","UNIQUE","1230.ON.CA","1230.ON.CA","1","3","0.857142857142857","0.142857142857143","0.00148321975116991","","SiouxLookout-Jan-2006","-99","-99","-99","-99","-99","159","159","193","193","299","301","213","227","202","216","108","116","296","296","166","174"
"135","UNIQUE","1234.ON.CA","1234.ON.CA","1","3","0.857142857142857","0.142857142857143","0.000391944585450972","","SiouxLookout-Jan-2006","-99","382","382","232","232","155","159","193","193","299","299","221","227","198","216","106","118","306","306","166","166"
"136","UNIQUE","1240.ON.CA","1240.ON.CA","1","3","0.857142857142857","0.142857142857143","0.0016713495896801","","SiouxLookout-Jan-2006","-99","384","384","-99","-99","-99","-99","193","193","285","301","221","227","198","210","106","118","296","306","166","166"
"137","UNIQUE","1241.ON.CA","1241.ON.CA","1","3","0.857142857142857","0.142857142857143","0.000767900782394836","","SiouxLookout-Jan-2006","-99","382","384","230","232","159","163","193","193","-99","-99","227","227","210","210","116","116","296","306","166","172"
"138","UNIQUE","1245.ON.CA","1245.ON.CA","1","3","0.857142857142857","0.142857142857143","0.000845956668861486","","SiouxLookout-Jan-2006","-99","382","384","-99","-99","159","171","193","199","317","317","223","223","192","210","118","118","296","296","172","174"
"139","UNIQUE","1247.ON.CA","1247.ON.CA","1","3","0.857142857142857","0.142857142857143","0.000256494967579547","","SiouxLookout-Jan-2006","-99","382","382","224","224","159","163","185","193","285","299","221","227","192","210","112","112","296","306","172","172"
"140","UNIQUE","1249.ON.CA","1249.ON.CA","1","3","0.857142857142857","0.142857142857143","0.000266825223779078","","SiouxLookout-Jan-2006","-99","382","384","224","224","163","171","193","199","299","317","221","223","192","192","112","118","296","306","166","174"
"141","UNIQUE","1251.ON.CA","1251.ON.CA","1","3","0.857142857142857","0.142857142857143","0.000276888369080925","","SiouxLookout-Jan-2006","-99","382","394","224","224","159","163","185","193","285","299","221","223","192","192","112","118","296","306","172","174"
"142","UNIQUE","1254.ON.CA","1254.ON.CA","1","3","0.857142857142857","0.142857142857143","0.00152773340644939","","SiouxLookout-Jan-2006","-99","382","382","-99","-99","157","159","193","199","299","299","223","227","210","210","116","118","296","296","172","174"
"143","CHECK_UNIQUE","1258.ON.CA","1258.ON.CA","4","3","0.857142857142857","0.142857142857143","0.000755682133889961","","SiouxLookout-Jan-2006","-99","382","384","224","232","-99","-99","193","193","285","285","213","223","198","210","106","116","296","304","166","174"
"143","MULTIPLE_MATCH","1258.ON.CA","1259.ON.CA","4","3","0.857142857142857","0.142857142857143","0.00202347943289543","0.9","SiouxLookout-Jan-2006","-99","382","384","224","232","167","167","193","193","-99","-99","213","223","198","210","106","116","296","304","166","174"
"143","MULTIPLE_MATCH","1258.ON.CA","1260.ON.CA","4","3","0.857142857142857","0.142857142857143","0.00202347943289543","0.9","SiouxLookout-Jan-2006","-99","382","384","224","232","163","167","193","193","-99","-99","213","223","198","210","106","116","296","304","166","174"
"143","MULTIPLE_MATCH","1258.ON.CA","1261.ON.CA","4","3","0.857142857142857","0.142857142857143","0.00202347943289543","0.9","SiouxLookout-Jan-2006","-99","382","384","224","232","163","167","193","193","-99","-99","213","223","198","210","106","116","296","304","166","174"
"144","UNIQUE","1262.ON.CA","1262.ON.CA","1","3","0.857142857142857","0.142857142857143","0.000286708613255492","","SiouxLookout-Jan-2006","-99","382","384","224","232","159","163","193","193","285","285","213","227","210","210","116","116","304","304","166","166"
"145","UNIQUE","1266.ON.CA","1266.ON.CA","2","3","0.857142857142857","0.142857142857143","0.00158858699555132","","SiouxLookout-Jan-2006","-99","382","382","224","224","159","159","193","193","-99","-99","223","227","192","192","112","118","288","304","166","174"
"145","MATCH","1266.ON.CA","1268.ON.CA","2","3","0.857142857142857","0.142857142857143","0.00322146273236723","0.9","SiouxLookout-Jan-2006","-99","382","382","-99","-99","159","159","193","193","299","299","223","227","192","192","112","118","288","304","166","174"
"146","UNIQUE","1269.ON.CA","1269.ON.CA","3","3","0.857142857142857","0.142857142857143","0.00120129120676719","","SiouxLookout-Jan-2006","-99","382","382","224","230","147","157","181","185","-99","-99","223","223","-99","-99","106","118","288","298","166","166"
"146","MATCH","1269.ON.CA","1298.ON.CA","3","3","0.857142857142857","0.142857142857143","0.00120129120676719","0.95","SiouxLookout-Jan-2006","-99","382","382","224","230","147","157","181","185","-99","-99","223","223","192","202","106","118","288","298","166","166"
"146","MATCH","1269.ON.CA","1297.ON.CA","3","3","0.857142857142857","0.142857142857143","0.00120129120676719","0.9","SiouxLookout-Jan-2006","-99","382","382","224","230","147","157","181","185","285","299","223","223","192","202","106","118","288","298","166","166"
"147","CHECK_UNIQUE","1271.ON.CA","1271.ON.CA","3","3","0.857142857142857","0.142857142857143","0.000396930370559623","","SiouxLookout-Jan-2006","-99","382","384","224","238","157","161","191","193","285","285","-99","-99","-99","-99","106","116","288","306","172","172"
"147","MULTIPLE_MATCH","1271.ON.CA","1129.ON.CA","3","3","0.857142857142857","0.142857142857143","","0.9","SiouxLookout-Feb-2005","-99","382","384","224","238","157","161","193","193","285","285","-99","-99","192","202","106","116","288","306","172","172"
"147","MULTIPLE_MATCH","1271.ON.CA","1131.ON.CA","3","3","0.857142857142857","0.142857142857143","","0.9","SiouxLookout-Feb-2005","-99","382","384","224","238","157","161","193","193","285","285","-99","-99","192","202","106","116","288","306","172","172"
"148","UNIQUE","1276.ON.CA","1276.ON.CA","1","3","0.857142857142857","0.142857142857143","0.00361132901116463","","SiouxLookout-Jan-2006","-99","382","384","224","224","159","171","193","199","-99","-99","223","223","-99","-99","118","118","296","296","172","174"
"149","UNIQUE","1277.ON.CA","1277.ON.CA","1","3","0.857142857142857","0.142857142857143","0.00545632736092443","","SiouxLookout-Jan-2006","-99","382","382","-99","-99","159","159","193","199","299","299","221","227","-99","-99","116","118","296","296","166","172"
"150","UNIQUE","1282.ON.CA","1282.ON.CA","1","3","0.857142857142857","0.142857142857143","0.00163513674317342","","SiouxLookout-Jan-2006","-99","382","382","224","232","159","159","193","193","299","299","221","221","192","210","108","118","296","304","-99","-99"
"151","UNIQUE","1283.ON.CA","1283.ON.CA","1","3","0.857142857142857","0.142857142857143","0.000413494363264679","","SiouxLookout-Jan-2006","-99","384","394","232","232","159","167","185","193","299","299","221","227","192","210","112","116","296","296","166","166"
"152","UNIQUE","1284.ON.CA","1284.ON.CA","1","3","0.857142857142857","0.142857142857143","0.000327883627056762","","SiouxLookout-Jan-2006","-99","382","394","232","232","157","167","181","193","299","317","223","227","210","210","116","118","296","296","166","166"
"153","UNIQUE","1285.ON.CA","1285.ON.CA","1","3","0.857142857142857","0.142857142857143","0.000517845770964274","","SiouxLookout-Jan-2006","-99","382","382","232","232","155","171","193","199","299","299","223","227","192","210","116","118","296","296","172","172"
"154","CHECK_UNIQUE","1288.ON.CA","1288.ON.CA","2","3","0.857142857142857","0.142857142857143","0.00150384143031592","","SiouxLookout-Jan-2006","-99","382","394","224","224","-99","-99","193","199","-99","-99","223","227","192","204","106","116","296","296","172","172"
"154","MULTIPLE_MATCH","1288.ON.CA","1158.ON.CA","2","3","0.857142857142857","0.142857142857143","0.00150384143031592","0.9","SiouxLookout-Feb-2005","-99","382","394","224","224","163","167","193","199","299","299","223","227","192","204","106","116","296","296","172","172"
"155","UNIQUE","1289.ON.CA","1289.ON.CA","1","3","0.857142857142857","0.142857142857143","0.000525064786599277","","SiouxLookout-Jan-2006","-99","382","394","232","238","159","171","185","193","285","299","223","227","192","210","116","118","296","304","166","166"
"156","UNIQUE","1293.ON.CA","1293.ON.CA","1","3","0.857142857142857","0.142857142857143","0.000466347916547436","","SiouxLookout-Jan-2006","-99","384","384","230","232","155","159","185","185","299","299","-99","-99","212","214","112","118","288","296","166","172"
"157","CHECK_UNIQUE","1294.ON.CA","1294.ON.CA","3","3","0.857142857142857","0.142857142857143","0.00103724863166413","","SiouxLookout-Jan-2006","-99","384","384","224","230","167","167","185","199","-99","-99","-99","-99","198","204","116","118","296","296","166","166"
"157","MULTIPLE_MATCH","1294.ON.CA","1179.ON.CA","3","3","0.857142857142857","0.142857142857143","0.00103724863166413","0.9","SiouxLookout-Jan-2006","-99","384","384","224","230","167","167","185","199","285","299","223","223","198","204","116","118","296","296","166","166"
"157","MULTIPLE_MATCH","1294.ON.CA","1295.ON.CA","3","3","0.857142857142857","0.142857142857143","0.00103724863166413","0.9","SiouxLookout-Jan-2006","-99","384","384","224","230","167","167","185","199","285","299","223","223","198","204","116","118","296","296","166","166"
"158","UNIQUE","1303.ON.CA","1303.ON.CA","1","3","0.857142857142857","0.142857142857143","0.00324033850099003","","SiouxLookout-Jan-2006","-99","382","384","224","232","159","159","193","193","285","285","223","223","192","210","118","118","-99","-99","166","166"
"159","UNIQUE","1312.ON.CA","1312.ON.CA","1","3","0.857142857142857","0.142857142857143","0.000397791168845621","","SiouxLookout-Jan-2006","-99","384","400","224","224","159","159","185","193","299","299","221","221","210","210","116","118","296","296","172","172"
"160","UNIQUE","1313.ON.CA","1313.ON.CA","1","3","0.857142857142857","0.142857142857143","0.000694963251780348","","SiouxLookout-Jan-2006","-99","382","384","224","232","155","171","185","193","299","299","223","223","192","192","108","116","296","304","166","166"
"161","UNIQUE","1314.ON.CA","1314.ON.CA","1","3","0.857142857142857","0.142857142857143","0.00072112158419788","","SiouxLookout-Jan-2006","-99","384","394","224","238","159","171","193","199","299","299","223","223","192","210","116","118","296","296","166","172"
"162","UNIQUE","1316.ON.CA","1316.ON.CA","1","3","0.857142857142857","0.142857142857143","0.00168302790197583","","SiouxLookout-Jan-2006","-99","384","400","224","224","159","159","185","193","299","317","-99","-99","210","218","116","118","296","296","-99","-99"
"163","CHECK_UNIQUE","1317.ON.CA","1317.ON.CA","4","3","0.857142857142857","0.142857142857143","0.00143665177746282","","SiouxLookout-Jan-2006","-99","382","384","224","232","163","167","193","193","-99","-99","-99","-99","198","210","106","116","296","304","166","174"
"163","MULTIPLE_MATCH","1317.ON.CA","1260.ON.CA","4","3","0.857142857142857","0.142857142857143","0.00143665177746282","0.95","SiouxLookout-Jan-2006","-99","382","384","224","232","163","167","193","193","-99","-99","213","223","198","210","106","116","296","304","166","174"
"163","MULTIPLE_MATCH","1317.ON.CA","1261.ON.CA","4","3","0.857142857142857","0.142857142857143","0.00143665177746282","0.95","SiouxLookout-Jan-2006","-99","382","384","224","232","163","167","193","193","-99","-99","213","223","198","210","106","116","296","304","166","174"
"163","MULTIPLE_MATCH","1317.ON.CA","1259.ON.CA","4","3","0.857142857142857","0.142857142857143","","0.9","SiouxLookout-Jan-2006","-99","382","384","224","232","167","167","193","193","-99","-99","213","223","198","210","106","116","296","304","166","174"
"164","UNIQUE","1319.ON.CA","1319.ON.CA","1","3","0.857142857142857","0.142857142857143","0.000692674832371619","","SiouxLookout-Jan-2006","-99","382","382","224","224","157","167","193","193","-99","-99","213","223","198","210","112","116","288","296","166","172"
"165","UNIQUE","1320.ON.CA","1320.ON.CA","1","3","0.857142857142857","0.142857142857143","0.000406921684257281","","SiouxLookout-Jan-2006","-99","382","394","224","224","159","171","193","193","285","299","213","219","192","192","108","112","296","296","166","166"
"166","UNIQUE","1322.ON.CA","1322.ON.CA","2","3","0.857142857142857","0.142857142857143","0.000720996492767485","","SiouxLookout-Jan-2007","-99","-99","-99","230","236","145","163","185","185","299","299","223","227","202","202","-99","-99","288","298","166","166"
"166","MATCH","1322.ON.CA","1323.ON.CA","2","3","0.857142857142857","0.142857142857143","0.00222168860208466","0.9","SiouxLookout-Jan-2007","-99","382","384","-99","-99","145","163","185","185","299","299","223","227","202","202","-99","-99","288","298","166","166"
"167","UNIQUE","1324.ON.CA","1324.ON.CA","1","3","0.857142857142857","0.142857142857143","0.00100384881615259","","SiouxLookout-Jan-2007","-99","382","382","224","232","159","163","193","193","299","299","-99","-99","192","198","102","118","288","306","166","174"
"168","UNIQUE","1325.ON.CA","1325.ON.CA","1","3","0.857142857142857","0.142857142857143","0.00117703965178381","","SiouxLookout-Jan-2007","-99","382","382","224","224","161","163","193","193","299","299","221","221","198","210","-99","-99","296","306","166","166"
"169","UNIQUE","1326.ON.CA","1326.ON.CA","1","3","0.857142857142857","0.142857142857143","0.00493104848853164","","SiouxLookout-Jan-2007","-99","382","382","224","232","159","161","193","193","299","299","-99","-99","198","210","-99","-99","296","306","166","166"
"170","UNIQUE","1327.ON.CA","1327.ON.CA","1","3","0.857142857142857","0.142857142857143","0.000840747546938746","","SiouxLookout-Jan-2007","-99","384","384","232","238","159","159","193","193","285","301","-99","-99","198","210","106","118","296","306","166","166"
"171","UNIQUE","1328.ON.CA","1328.ON.CA","2","3","0.857142857142857","0.142857142857143","0.00186730953232979","","SiouxLookout-Jan-2007","-99","382","384","224","238","159","163","193","193","-99","-99","223","227","192","216","-99","-99","288","296","172","172"
"171","MATCH","1328.ON.CA","1332.ON.CA","2","3","0.857142857142857","0.142857142857143","0.00186730953232979","0.95","SiouxLookout-Jan-2007","-99","382","384","224","238","159","163","193","193","-99","-99","223","227","192","216","118","118","288","296","172","172"
